id,title,key
1,永磁电机驱动的纯电动大巴车坡道起步防溜策略,油门 设定值 踩下 使能 永磁 驻车 开度 手刹 档位 整车
2,机动车辆车门的肘靠,机动车辆 衬板 凹陷 峰值 负荷 免受 交叉 泡沫 支撑 碰撞
3,仪表板支撑结构,仪表板 端部 偏压 支架 面板 邻接 导引 横向 基准 定位
4,铰接的头枕总成,支承 联接 头枕 靠背 总成 铰接 构件 轴线 驱动器 二者
5,用于评估和控制电池系统的系统和方法,电池组 储能 相关联 电能 导 放电 总和 例 控制系统 操作
6,侧气囊装置,内管 结合部 气囊 使该 横向 织物 侧 主体 分隔 膨胀
7,制造气囊的方法,摊开 部上 引到 气囊 织物 主体 部分 重叠 结合 步骤
8,上部椅背枢轴系统,支承 椅背 枢轴 竖直 总成 部向 斜倚 间隙 地向 组件
9,用于在机动车的行驶过程中关闭和启动内燃机的方法,发生器 空挡 内燃机 停转 机动车 变速器 重启 手动 操作 监测
10,半倾斜货箱卸载系统,运输工具 卸载 货箱 最靠近 变型 纵向 侧 构造 倾斜 部分
